{
  "case": "airfoil_opt_naca4",
  "regime": "turbulent k-omega SST Re=5e+05 (time-accurate relaxation from steady-RANS init, maxCo 4)",
  "method": "ASME V&V 20 3-grid observed-order GCI on the matched STEADY delta; values from URANS-stabilized relaxation (last-5-t* time means); pre-registered drift + steadiness + physicality gates; hard-gated verdict",
  "refinement_ratio": 1.7,
  "finest_mult": 0.5882352941176471,
  "aoa_deg": 4.0,
  "reynolds": 500000.0,
  "max_courant": 4.0,
  "end_time_convective": 25.0,
  "drift_tol_frac": 0.002,
  "design_optimum": {
    "max_camber": 0.07273510933006024,
    "camber_position": 0.20448957451063046
  },
  "k": 2.0,
  "solves": [
    {
      "design": "baseline",
      "grid": "fine",
      "refine_mult": 0.5882352941176471,
      "ld": 24.316999345607424,
      "cd": 0.01599981541491686,
      "cl": 0.3890675009743728,
      "ld_prev5": 24.308893723330556,
      "relax_drift": 0.00810562227686873,
      "osc_spread": 0.005383832857781101,
      "converged": true,
      "n_elements": 120224,
      "n_samples": 34719,
      "wall_s": 28872.422359789023,
      "checkmesh": {
        "ok": false,
        "failed_checks": 1,
        "max_non_orthogonality": 83.006445,
        "max_skewness": 2.4259442
      },
      "init_from": "g16_baseline_fine-20260712-202803/6000",
      "error": null,
      "solver_log_tail": null,
      "provenance": {
        "git_sha": "6b904e830a9f899084196944cb30b9fc339de311",
        "dvc_input_hash": "7ec8590f5fb8607da8f64b854ef5a04322408ad76b72f14eea29f3adca66f092",
        "container_sif_sha256": "c9d7f32974c66bfbc924d407193bbf488fa165b2b35b01ee21ed9fdf9606e91c",
        "config_hash": "86540badd3c06821c5e107d3b8362e9a5b3179bc529856ae2039a9808bf24bfe"
      },
      "run_id": "g16r_baseline_fine-20260713-111645"
    },
    {
      "design": "optimum",
      "grid": "fine",
      "refine_mult": 0.5882352941176471,
      "ld": 47.79883885881643,
      "cd": 0.0208597219488875,
      "cl": 0.9970704880745899,
      "ld_prev5": 47.79426593833507,
      "relax_drift": 0.004572920481358267,
      "osc_spread": 0.0033332631478373287,
      "converged": true,
      "n_elements": 120224,
      "n_samples": 25702,
      "wall_s": 11667.671145929955,
      "checkmesh": {
        "ok": false,
        "failed_checks": 1,
        "max_non_orthogonality": 83.645312,
        "max_skewness": 2.568503
      },
      "init_from": "g16_optimum_fine-20260712-210305/6000",
      "error": null,
      "solver_log_tail": null,
      "provenance": {
        "git_sha": "6b904e830a9f899084196944cb30b9fc339de311",
        "dvc_input_hash": "7ec8590f5fb8607da8f64b854ef5a04322408ad76b72f14eea29f3adca66f092",
        "container_sif_sha256": "c9d7f32974c66bfbc924d407193bbf488fa165b2b35b01ee21ed9fdf9606e91c",
        "config_hash": "39b843f122d368f776e91d1712fc5f15253c5fca3e10a5fc3e18d67ac4ae356c"
      },
      "run_id": "g16r_optimum_fine-20260713-111647"
    },
    {
      "design": "baseline",
      "grid": "medium",
      "refine_mult": 1.0,
      "ld": 21.79621080780269,
      "cd": 0.017009695169415348,
      "cl": 0.37074690168904,
      "ld_prev5": 21.794552547954673,
      "relax_drift": 0.0016582598480177069,
      "osc_spread": 0.0011705230853209514,
      "converged": true,
      "n_elements": 41600,
      "n_samples": 11031,
      "wall_s": 905.9809503480792,
      "checkmesh": {
        "ok": false,
        "failed_checks": 1,
        "max_non_orthogonality": 84.648251,
        "max_skewness": 2.2533073
      },
      "init_from": "g16_baseline_medium-20260712-212011/6000",
      "error": null,
      "solver_log_tail": null,
      "provenance": {
        "git_sha": "6b904e830a9f899084196944cb30b9fc339de311",
        "dvc_input_hash": "7ec8590f5fb8607da8f64b854ef5a04322408ad76b72f14eea29f3adca66f092",
        "container_sif_sha256": "c9d7f32974c66bfbc924d407193bbf488fa165b2b35b01ee21ed9fdf9606e91c",
        "config_hash": "c9aa0da550c53284eac2113133d4b52470d1f7093aa68cda1b3fd7ab795d44d2"
      },
      "run_id": "g16r_baseline_medium-20260713-111649"
    },
    {
      "design": "optimum",
      "grid": "medium",
      "refine_mult": 1.0,
      "ld": 47.534402934228325,
      "cd": 0.021105207541460873,
      "cl": 1.0032234392863155,
      "ld_prev5": 47.5133316373824,
      "relax_drift": 0.021071296845924792,
      "osc_spread": 0.01410669547477994,
      "converged": true,
      "n_elements": 41600,
      "n_samples": 7864,
      "wall_s": 793.7561523471959,
      "checkmesh": {
        "ok": false,
        "failed_checks": 1,
        "max_non_orthogonality": 84.802141,
        "max_skewness": 2.4306641
      },
      "init_from": "g16_optimum_medium-20260712-212521/6000",
      "error": null,
      "solver_log_tail": null,
      "provenance": {
        "git_sha": "6b904e830a9f899084196944cb30b9fc339de311",
        "dvc_input_hash": "7ec8590f5fb8607da8f64b854ef5a04322408ad76b72f14eea29f3adca66f092",
        "container_sif_sha256": "c9d7f32974c66bfbc924d407193bbf488fa165b2b35b01ee21ed9fdf9606e91c",
        "config_hash": "4b536e1ebe9f3f19f71183e7a788dcf5551243e44b45e90c56a1b1797b3ec67d"
      },
      "run_id": "g16r_optimum_medium-20260713-111650"
    },
    {
      "design": "baseline",
      "grid": "coarse",
      "refine_mult": 1.7,
      "ld": 18.272278349872963,
      "cd": 0.019275924566921714,
      "cl": 0.352215059137948,
      "ld_prev5": 18.27351115475518,
      "relax_drift": 0.001232804882217664,
      "osc_spread": 0.0007950218205294846,
      "converged": true,
      "n_elements": 14382,
      "n_samples": 3589,
      "wall_s": 136.16801489097998,
      "checkmesh": {
        "ok": false,
        "failed_checks": 1,
        "max_non_orthogonality": 86.274663,
        "max_skewness": 2.0133074
      },
      "init_from": "g16_baseline_coarse-20260712-213031/6000",
      "error": null,
      "solver_log_tail": null,
      "provenance": {
        "git_sha": "6b904e830a9f899084196944cb30b9fc339de311",
        "dvc_input_hash": "7ec8590f5fb8607da8f64b854ef5a04322408ad76b72f14eea29f3adca66f092",
        "container_sif_sha256": "c9d7f32974c66bfbc924d407193bbf488fa165b2b35b01ee21ed9fdf9606e91c",
        "config_hash": "3cc7bdab449c942681abe9ad99ef32befe48285a58175ab890d51cebb899e96e"
      },
      "run_id": "g16r_baseline_coarse-20260713-111652"
    },
    {
      "design": "optimum",
      "grid": "coarse",
      "refine_mult": 1.7,
      "ld": 42.5021125702673,
      "cd": 0.02390308500231785,
      "cl": 1.0159316095451811,
      "ld_prev5": 42.46489152095917,
      "relax_drift": 0.03722104930812975,
      "osc_spread": 0.022603050129049507,
      "converged": true,
      "n_elements": 14382,
      "n_samples": 3164,
      "wall_s": 169.1063557569869,
      "checkmesh": {
        "ok": false,
        "failed_checks": 1,
        "max_non_orthogonality": 86.621759,
        "max_skewness": 2.2969756
      },
      "init_from": "g16_optimum_coarse-20260712-213219/6000",
      "error": null,
      "solver_log_tail": null,
      "provenance": {
        "git_sha": "6b904e830a9f899084196944cb30b9fc339de311",
        "dvc_input_hash": "7ec8590f5fb8607da8f64b854ef5a04322408ad76b72f14eea29f3adca66f092",
        "container_sif_sha256": "c9d7f32974c66bfbc924d407193bbf488fa165b2b35b01ee21ed9fdf9606e91c",
        "config_hash": "0a1979de029bf9f376d4aac77aebb85da31d81f4b2544fed5b2958bd16b53488"
      },
      "run_id": "g16r_optimum_coarse-20260713-111654"
    }
  ],
  "family_complete": true,
  "all_converged_claim_grids": true,
  "delta_per_grid": {
    "fine": 23.481839513209007,
    "medium": 25.738192126425634,
    "coarse": 24.229834220394338
  },
  "observed_order_delta": 0.0,
  "delta_monotone": false,
  "observed_order_optimum": [
    5.551968866041473,
    true
  ],
  "observed_order_baseline": [
    0.6313379970016807,
    true
  ],
  "gci_delta_fraction": 0.411811119935116,
  "u95_delta_grid": 9.67008262807126,
  "u95_delta_iterative": 0.009306595200399366,