{
  "case": "airfoil_opt_naca4",
  "regime": "turbulent k-omega SST Re=5e+05 (URANS pimpleFoam, time-weighted window means)",
  "method": "ASME V&V 20 3-grid observed-order GCI on the TIME-AVERAGED matched delta; ADR-029 independent-RSS sampling term (no cancellation claimed); hard-gated verdict",
  "refinement_ratio": 1.7,
  "finest_mult": 0.5882352941176471,
  "aoa_deg": 4.0,
  "reynolds": 500000.0,
  "end_time_convective": 100.0,
  "continuation": true,
  "tail_start_convective": 60.0,
  "transient_fraction": 0.5,
  "n_windows": 16,
  "max_courant": 8.0,
  "design_optimum": {
    "max_camber": 0.07273510933006024,
    "camber_position": 0.20448957451063046
  },
  "k": 2.0,
  "solves": [
    {
      "design": "baseline",
      "grid": "medium",
      "refine_mult": 1.0,
      "ld": 21.635473377611344,
      "cd": 0.017020617193443464,
      "cl": 0.36824872228281225,
      "u95_statistical": 0.053198720246151736,
      "stat_reliable": false,
      "drift": 0.0510674535321769,
      "converged": false,
      "n_elements": null,
      "n_samples": 21919,
      "wall_s": 1056.829308736138,
      "checkmesh": null,
      "error": null,
      "solver_log_tail": null,
      "stat": {
        "method": "nobm",
        "n_samples": 16,
        "mean": 21.635473377611344,
        "std": 0.030971113095916346,
        "n_batches": 4,
        "batch_size": 4,
        "dof": 3,
        "t_quantile": 3.182,
        "se": 0.01671864244065108,
        "u95_statistical": 0.053198720246151736,
        "rel_half_width": 0.002458865554622088,
        "autocorr_time": 1.5847105605057115,
        "n_eff": 5.048240479603447,
        "crosscheck_ratio": 1.3902564753979232,
        "reliable": false
      },
      "provenance": {
        "git_sha": "89782d19a3de9c519903113284ad88970751f981",
        "dvc_input_hash": "7ec8590f5fb8607da8f64b854ef5a04322408ad76b72f14eea29f3adca66f092",
        "container_sif_sha256": "c9d7f32974c66bfbc924d407193bbf488fa165b2b35b01ee21ed9fdf9606e91c",
        "config_hash": "4dc071be797c21709e58374b1eca5cf6f43e5fde9c16ef5cf0fa39cfa398add1"
      },
      "run_id": "g16u_baseline_medium-20260712-232845",
      "extended_to_convective": 100.0,
      "ld_windows": [
        21.5772487327292,
        21.588072628979557,
        21.598062139421373,
        21.607307666708422,
        21.61587528365914,
        21.62381600905689,
        21.631169810516287,
        21.63796493569117,
        21.644224979745207,
        21.649968901489277,
        21.655214774898635,
        21.65998077537668,
        21.66428384835368,
        21.668146847847044,
        21.671592252143977,
        21.67464445516494
      ],
      "tail_start_convective": 60.0
    },
    {
      "design": "optimum",
      "grid": "medium",
      "refine_mult": 1.0,
      "ld": null,
      "cd": null,
      "cl": null,
      "u95_statistical": null,
      "stat_reliable": null,
      "drift": null,
      "converged": false,
      "n_elements": null,
      "n_samples": 24399,
      "wall_s": 22799.55817992403,
      "checkmesh": null,
      "error": "non-physical window-mean cd (min -0.6549)",
      "solver_log_tail": null,
      "stat": null,
      "provenance": {
        "git_sha": "89782d19a3de9c519903113284ad88970751f981",
        "dvc_input_hash": "7ec8590f5fb8607da8f64b854ef5a04322408ad76b72f14eea29f3adca66f092",
        "container_sif_sha256": "c9d7f32974c66bfbc924d407193bbf488fa165b2b35b01ee21ed9fdf9606e91c",
        "config_hash": "66064d8485ab00bd3c0a1da0191e79f509d62cbe551e1a82d7889c967024cf97"
      },
      "run_id": "g16u_optimum_medium-20260712-232847",
      "extended_to_convective": 100.0
    },
    {
      "design": "baseline",
      "grid": "coarse",
      "refine_mult": 1.7,
      "ld": 18.180061317478483,
      "cd": 0.0193472569182255,
      "cl": 0.35173412871079046,
      "u95_statistical": 0.03378841377685821,
      "stat_reliable": false,
      "drift": 0.03229029020898366,
      "converged": false,
      "n_elements": null,
      "n_samples": 7142,
      "wall_s": 152.98883791291155,
      "checkmesh": null,
      "error": null,
      "solver_log_tail": null,
      "stat": {
        "method": "nobm",
        "n_samples": 16,
        "mean": 18.180061317478483,
        "std": 0.01969657465525111,
        "n_batches": 4,
        "batch_size": 4,
        "dof": 3,
        "t_quantile": 3.182,
        "se": 0.010618608980785108,
        "u95_statistical": 0.03378841377685821,
        "rel_half_width": 0.001858542344099451,
        "autocorr_time": 1.5803374748773897,
        "n_eff": 5.062209893251237,
        "crosscheck_ratio": 1.3903614245856883,
        "reliable": false
      },
      "provenance": {
        "git_sha": "89782d19a3de9c519903113284ad88970751f981",
        "dvc_input_hash": "7ec8590f5fb8607da8f64b854ef5a04322408ad76b72f14eea29f3adca66f092",
        "container_sif_sha256": "c9d7f32974c66bfbc924d407193bbf488fa165b2b35b01ee21ed9fdf9606e91c",
        "config_hash": "a99a03dca8387a3e4b4fedccc58bd0eaa4fa3860c49a85db7b6d34d40455a329"
      },
      "run_id": "g16u_baseline_coarse-20260712-231521",
      "extended_to_convective": 100.0,
      "ld_windows": [
        18.14241114692787,
        18.149654218349948,
        18.156288488993404,
        18.16236792230197,
        18.167933618928515,
        18.173032171081086,
        18.17769873709181,
        18.18194307531733,
        18.185812260085385,
        18.18935495165591,
        18.192595019380516,
        18.195539258924423,
        18.19820568418254,
        18.200615896190712,
        18.20278857825592,
        18.2047400519884
      ],
      "tail_start_convective": 60.0
    },
    {
      "design": "optimum",
      "grid": "coarse",
      "refine_mult": 1.7,
      "ld": 41.45095358646655,
      "cd": 0.024406167346140904,
      "cl": 1.0116250031928125,
      "u95_statistical": 0.4505326421017072,
      "stat_reliable": false,
      "drift": 0.43122452427354574,
      "converged": false,
      "n_elements": null,
      "n_samples": 6286,
      "wall_s": 170.58487244299613,
      "checkmesh": null,
      "error": null,
      "solver_log_tail": null,
      "stat": {
        "method": "nobm",
        "n_samples": 16,
        "mean": 41.45095358646655,
        "std": 0.262510946357766,
        "n_batches": 4,
        "batch_size": 4,
        "dof": 3,
        "t_quantile": 3.182,
        "se": 0.1415878824958225,
        "u95_statistical": 0.4505326421017072,
        "rel_half_width": 0.010869053739907278,
        "autocorr_time": 1.5841338456591876,
        "n_eff": 5.050078326349407,
        "crosscheck_ratio": 1.3893396806369847,
        "reliable": false
      },
      "provenance": {
        "git_sha": "89782d19a3de9c519903113284ad88970751f981",
        "dvc_input_hash": "7ec8590f5fb8607da8f64b854ef5a04322408ad76b72f14eea29f3adca66f092",
        "container_sif_sha256": "c9d7f32974c66bfbc924d407193bbf488fa165b2b35b01ee21ed9fdf9606e91c",
        "config_hash": "c681dd856f1d0509205015eeff74586e1839f9fcdf9634790d4484eef6096360"
      },
      "run_id": "g16u_optimum_coarse-20260712-231519",
      "extended_to_convective": 100.0,
      "ld_windows": [
        40.95253157945263,
        41.04724154810005,
        41.13426346537021,
        41.214154968056434,
        41.28763625184631,
        41.35521492876052,
        41.41738926636379,
        41.47429858668826,
        41.526215306171935,
        41.5738488567705,
        41.617426991097794,
        41.65716886432324,
        41.69330721953595,
        41.726201519876874,
        41.75578929922668,
        41.782568731823574
      ],
      "tail_start_convective": 60.0
    }
  ],
  "family_complete": false,
  "all_converged_claim_grids": false,
  "verdict": "INCOMPLETE",
  "failed_solves": [
    "optimum/medium: non-physical window-mean cd (min -0.6549)"
  ]
}
