{
  "purpose": "Stage-16 divergence diagnostic (ADR-028 corrected-mechanism evidence)",
  "regime": "turbulent k-omega SST Re=5e+05",
  "mesh_contrast": [
    {
      "label": "old-28",
      "graded": false,
      "refine_mult": 2.8899999999999997,
      "n_elements": 5096,
      "mesh_ok": true,
      "grading": {
        "n_normal": 28,
        "first_cell_height": 0.001,
        "r_wall": 1.4682618012925226,
        "g_eta": 31892.936319687517,
        "e_front": 4789.789042524092,
        "e_wake": 3334.9723317728512,
        "y_plus_estimate": 25.0
      },
      "checkmesh": {
        "ok": false,
        "failed_checks": 1,
        "max_aspect_ratio": null,
        "max_non_orthogonality": 88.749997,
        "max_skewness": 2.4975926
      }
    },
    {
      "label": "old-136",
      "graded": false,
      "refine_mult": 0.5882352941176471,
      "n_elements": 120224,
      "mesh_ok": true,
      "grading": {
        "n_normal": 136,
        "first_cell_height": 0.001,
        "r_wall": 1.0669136233296221,
        "g_eta": 6272.637434393925,
        "e_front": 977.4742381591749,
        "e_wake": 617.2984272710441,
        "y_plus_estimate": 25.0
      },
      "checkmesh": {
        "ok": false,
        "failed_checks": 1,
        "max_aspect_ratio": null,
        "max_non_orthogonality": 83.645105,
        "max_skewness": 1.7755104
      }
    },
    {
      "label": "graded-136",
      "graded": true,
      "refine_mult": 0.5882352941176471,
      "n_elements": 120224,
      "mesh_ok": true,
      "grading": {
        "n_normal": 136,
        "first_cell_height": 0.000599449843403119,
        "r_wall": 1.071452164598945,
        "g_eta": 11125.67030635192,
        "e_front": 1742.4785407700738,
        "e_wake": 1123.2596934698124,
        "y_plus_estimate": 14.986246085077974
      },
      "checkmesh": {
        "ok": false,
        "failed_checks": 1,
        "max_aspect_ratio": null,
        "max_non_orthogonality": 83.645312,
        "max_skewness": 2.568503
      }
    }
  ],
  "old_136_optimum_solve": {
    "design": "optimum",
    "grid": "old-136",
    "refine_mult": 0.5882352941176471,
    "graded": false,
    "grading": {
      "n_normal": 136,
      "first_cell_height": 0.001,
      "r_wall": 1.0669136233296221,
      "g_eta": 6272.637434393925,
      "e_front": 977.4742381591749,
      "e_wake": 617.2984272710441,
      "y_plus_estimate": 25.0
    },
    "ld": null,
    "cd": null,
    "cl": null,
    "ld_sem": null,
    "final_residual": null,
    "converged": false,
    "n_elements": 120224,
    "checkmesh": {
      "ok": false,
      "failed_checks": 1,
      "max_aspect_ratio": null,
      "max_non_orthogonality": 83.645105,
      "max_skewness": 1.7755104
    },
    "error": "solver failed (rc=136)",
    "solver_log_tail": "3, global = -5.7388154e+12, cumulative = 8.1167404e+11\nsmoothSolver:  Solving for omega, Initial residual = 0.00014516642, Final residual = 3.8525241e-06, No Iterations 1\nsmoothSolver:  Solving for k, Initial residual = 0.00040527233, Final residual = 1.5836384e-06, No Iterations 1\nExecutionTime = 131.06 s  ClockTime = 131 s\n\nforceCoeffs forceCoeffs1 write:\n    Coefficient\tTotal\tPressure\tViscous\tInternal\n    Cd:\t2.6864032e+29\t2.6864032e+29\t2.6295524e+18\t0\n    Cd(f):\t-1.1000162e+30\t-1.1000162e+30\t1.4915738e+18\t0\n    Cd(r):\t1.3686565e+30\t1.3686565e+30\t1.1379786e+18\t0\n    Cl:\t2.4686727e+30\t2.4686727e+30\t-3.5359521e+17\t0\n    Cl(f):\t6.2607797e+29\t6.2607797e+29\t-4.7913288e+16\t0\n    Cl(r):\t1.8425947e+30\t1.8425947e+30\t-3.0568192e+17\t0\n    CmPitch:\t-6.0825838e+29\t-6.0825838e+29\t1.2888431e+17\t0\n    CmRoll:\t-1.2343364e+30\t-1.2343364e+30\t1.767976e+17\t0\n    CmYaw:\t1.3432016e+29\t1.3432016e+29\t1.3147762e+18\t0\n    Cs:\t-6.3289492e+08\t-6.3289491e+08\t-11.483885\t0\n    Cs(f):\t1.3432016e+29\t1.3432016e+29\t1.3147762e+18\t0\n    Cs(r):\t-1.3432016e+29\t-1.3432016e+29\t-1.3147762e+18\t0\n\n    writing force and moment coefficient files.\n\nforces forces1 write:\n    Sum of forces\n        Total    : (4.7890016e+28 1.2406993e+30 3.1644746e+08)\n        Pressure : (4.7890016e+28 1.2406993e+30 3.1644746e+08)\n        Viscous  : (1.3239062e+18 -8.4652787e+16 5.7419425)\n    Sum of moments\n        Total    : (-6.2034964e+29 2.3945008e+28 3.0412919e+29)\n        Pressure : (-6.2034964e+29 2.3945008e+28 3.0412919e+29)\n        Viscous  : (4.2326394e+16 6.6195312e+17 -6.4442157e+16)\n    writing force and moment files.\n\nTime = 408\n\nsmoothSolver:  Solving for Ux, Initial residual = 0.38087049, Final residual = 0.032548222, No Iterations 16\nsmoothSolver:  Solving for Uy, Initial residual = 0.40810876, Final residual = 0.025579655, No Iterations 13\nGAMG:  Solving for p, Initial residual = 0.99954257, Final residual = 2.204051e+84, No Iterations 1000\n[stack trace]\n=============\n#1  Foam::sigFpe::sigHandler(int) in /usr/lib/openfoam/openfoam2412/platforms/linux64GccDPInt32Opt/lib/libOpenFOAM.so\n#2  ? in /lib/x86_64-linux-gnu/libc.so.6\n#3  Foam::GAMGSolver::scale(Foam::Field<double>&, Foam::Field<double>&, Foam::lduMatrix const&, Foam::FieldField<Foam::Field, double> const&, Foam::UPtrList<Foam::lduInterfaceField const> const&, Foam::Field<double> const&, unsigned char) const in /usr/lib/openfoam/openfoam2412/platforms/linux64GccDPInt32Opt/lib/libOpenFOAM.so\n#4  Foam::GAMGSolver::Vcycle(Foam::PtrList<Foam::lduMatrix::smoother> const&, Foam::Field<double>&, Foam::Field<double> const&, Foam::Field<double>&, Foam::Field<double>&, Foam::Field<double>&, Foam::Field<double>&, Foam::Field<double>&, Foam::PtrList<Foam::Field<double> >&, Foam::PtrList<Foam::Field<double> >&, unsigned char) const in /usr/lib/openfoam/openfoam2412/platforms/linux64GccDPInt32Opt/lib/libOpenFOAM.so\n#5  Foam::GAMGSolver::solve(Foam::Field<double>&, Foam::Field<double> const&, unsigned char) const in /usr/lib/openfoam/openfoam2412/platforms/linux64GccDPInt32Opt/lib/libOpenFOAM.so\n#6  Foam::fvMatrix<double>::solveSegregated(Foam::dictionary const&) in /usr/lib/openfoam/openfoam2412/platforms/linux64GccDPInt32Opt/lib/libfiniteVolume.so\n#7  ? in /usr/lib/openfoam/openfoam2412/platforms/linux64GccDPInt32Opt/lib/libfiniteVolume.so\n#8  Foam::fvMesh::solve(Foam::fvMatrix<double>&, Foam::dictionary const&) const in /usr/lib/openfoam/openfoam2412/platforms/linux64GccDPInt32Opt/lib/libfiniteVolume.so\n#9  ? in /usr/lib/openfoam/openfoam2412/platforms/linux64GccDPInt32Opt/bin/simpleFoam\n#10  ? in /lib/x86_64-linux-gnu/libc.so.6\n#11  __libc_start_main in /lib/x86_64-linux-gnu/libc.so.6\n#12  ? in /usr/lib/openfoam/openfoam2412/platforms/linux64GccDPInt32Opt/bin/simpleFoam\n=============\n.aero-jobs/sf-g16_optimum_old-136-20260712-202226/cmd.sh: line 1: 812999 Floating point exceptionapptainer exec --bind /mnt/aero/runs/g16_optimum_old-136-20260712-202226:/case /opt/aero/containers/openfoam-esi.sif bash -lc 'cd /case && simpleFoam'",
    "provenance": {
      "git_sha": "2844adee6b0a638593c5a6335e97ee979fd047e1",
      "dvc_input_hash": "7ec8590f5fb8607da8f64b854ef5a04322408ad76b72f14eea29f3adca66f092",
      "container_sif_sha256": "c9d7f32974c66bfbc924d407193bbf488fa165b2b35b01ee21ed9fdf9606e91c",
      "config_hash": "8b73d9a35f5172afc4aa035040a93ea45b5095b4e904bba1ebd15b7f3af25f49"
    }
  }
}
