x,cf,tu_pct
0.045,0.005203,3.043
0.095,0.003723,2.793
0.195,0.002645,2.434
0.295,0.002272,2.197
0.395,0.002098,2.001
0.495,0.002209,1.882
0.595,0.002703,1.760
0.695,0.003801,1.647
0.795,0.004849,1.538
0.895,0.004861,1.451
0.995,0.004722,1.361
1.095,0.004553,1.295
1.195,0.004418,1.227
1.295,0.004292,1.206
1.395,0.004207,1.141
1.495,0.004079,1.101
